,year,name,fpop0_4,fpop5_9,fpop10_14,fpop15_19,fpop20_24,fpop25_29,fpop30_34,fpop35_39,fpop40_44,fpop45_49,fpop50_54,fpop55_59,fpop60_64,fpop65_69,fpop70_74,fpop75_79,fpop80_84,fpop85_89,fpop90_94,fpop95_99,fpop100_,mpop0_4,mpop5_9,mpop10_14,mpop15_19,mpop20_24,mpop25_29,mpop30_34,mpop35_39,mpop40_44,mpop45_49,mpop50_54,mpop55_59,mpop60_64,mpop65_69,mpop70_74,mpop75_79,mpop80_84,mpop85_89,mpop90_94,mpop95_99,mpop100_
0,2020,Andorra,1542,1861,2153,2253,1970,1909,1858,2713,3653,4117,3891,3589,2854,2216,1807,1328,875,607,392,138,13,1642,1982,2279,2335,2139,2027,1988,2731,3776,4210,4128,3939,3252,2503,2000,1366,806,532,259,80,9
1,2020,United Arab Emirates,267548,252399,241445,207254,206193,306507,468470,446416,234742,126582,84236,51192,31582,16801,10372,5715,2920,1251,448,96,16,281152,263353,270688,239658,258417,497475,1044030,1397236,937023,606673,478717,301347,146649,63509,27306,10655,4208,1367,426,85,14
2,2020,Afghanistan,2767720,2391331,2113057,1902504,1921156,1560666,1220074,910118,774177,668294,536425,426309,327206,238677,158497,90441,39759,12199,2273,227,11,2853740,2465285,2181184,1967982,1991199,1621403,1269634,948829,816427,681195,541352,420619,312284,215715,135231,72477,29613,8059,1305,116,6
3,2020,Antigua and Barbuda,3637,3592,3582,3813,4129,3798,3715,3697,3638,3589,3706,3265,2607,1903,1362,830,478,271,111,29,4,3791,3711,3645,3812,4061,3567,3206,3063,3004,2902,3012,2617,2101,1507,1040,622,352,169,59,13,2
4,2020,Anguilla,637,641,629,630,616,602,658,666,738,773,782,740,524,321,229,153,95,53,25,8,2,664,660,647,652,616,563,612,544,531,585,593,543,456,329,238,157,91,41,17,4,1
5,2020,Albania,93657,85777,76656,100068,126318,140186,138330,114455,95734,91799,90365,98003,91726,70236,49504,44681,30186,15172,5764,1471,165,101986,95525,87019,111472,135699,146861,134823,105444,77973,77916,79651,91079,87327,67311,46874,38305,23604,9137,2264,379,28
6,2020,Armenia,88170,91615,86035,78480,88716,118218,138446,125546,100454,89002,89944,117247,112872,82734,50949,31198,39394,15550,5368,546,34,97737,103503,95915,88751,95532,116854,135333,121758,96454,85708,83155,100027,96013,63359,36251,19543,22933,8576,3186,350,27
7,2020,Angola,3010596,2605507,2181282,1732108,1377731,1179576,1012650,846146,696991,563345,441897,340967,250299,173997,120578,79717,42541,15402,3400,405,24,3053075,2587805,2117257,1659801,1291277,1067172,901147,759080,641737,519045,413543,311931,211600,130130,83921,59251,28422,8729,1592,155,8
8,2020,Argentina,1768125,1794805,1729498,1707180,1659470,1647152,1634867,1615363,1588142,1350152,1166221,1094195,1031402,936973,777406,603217,440067,273025,120886,30393,3784,1880419,1907146,1838554,1807847,1730564,1704309,1651828,1599703,1581924,1333180,1133809,1044917,957339,828144,636912,433712,263048,125445,40410,7421,696
9,2020,American Samoa,2080,2123,2164,2296,1926,2104,1496,1327,1269,1363,1479,1379,1001,723,455,254,176,90,38,14,3,2202,2259,2297,2391,1873,1950,1394,1207,1370,1384,1493,1262,1025,625,426,246,146,58,19,4,1
10,2020,Austria,204775,200830,199442,209806,241422,287295,292443,301005,279092,313917,358215,348929,293135,241506,220496,205901,153783,91603,50706,20757,3363,215354,212428,207976,218076,248848,295984,298164,299216,277078,303383,358050,350856,284705,221499,192117,162219,109004,52925,23221,6035,789
11,2020,Australia,763163,781178,765111,735285,837394,936241,938568,905468,834989,851481,788189,774372,723265,642760,560445,391402,275551,174063,96000,31124,5083,810016,831776,815274,797528,912623,972649,913600,882461,834958,856619,763274,726007,671629,592800,526635,349635,219903,115828,49995,11871,1493
12,2020,Aruba,3535,3476,3408,3368,3804,3982,4127,4503,3963,4104,4368,5104,4336,3857,2897,2003,1274,631,189,31,4,3563,3499,3411,3360,3862,3900,3901,4188,3896,3830,3702,4433,3906,2855,1951,1211,709,278,67,10,0
13,2020,Azerbaijan,362091,370164,359852,298622,330798,451857,463258,398326,341920,330050,346311,356816,279473,173278,103141,56640,73887,34035,12538,2180,239,392133,420331,419181,346489,368272,475923,481599,402274,331106,305008,297251,297044,234561,132222,68736,33115,37045,14947,4265,457,30
14,2020,Bosnia and Herzegovina,80731,82258,81176,87564,113670,116607,139497,143024,144319,151644,153367,155470,145678,127110,91425,61871,55310,25545,7153,948,45,86515,88129,86696,92851,121537,124211,144550,144411,141160,148647,157057,151924,133144,108044,68900,39049,24787,6076,634,17,0
15,2020,Barbados,8379,8681,8965,9218,9267,10281,10094,10805,10342,11336,12082,11452,10724,8834,5771,4130,2722,1602,760,218,38,8429,8683,8902,9098,9095,10168,10062,10657,10098,11109,11706,10799,9482,7263,4354,2774,1528,744,280,61,8
16,2020,Bangladesh,6978869,6988661,7093649,7307305,7678770,7126291,6668034,6072302,5476910,5049561,4152190,3379606,2752075,2187990,1624196,1096681,621610,278229,82372,14241,1159,7216500,7223870,7371392,7535366,7637851,6723483,6085858,5569656,4924285,4500060,3908968,3323920,2634371,2058279,1477299,950357,505577,198143,49160,6962,480
17,2020,Belgium,322019,329929,331649,313565,328554,365240,383210,385886,374600,378646,390979,401960,374102,329740,296716,213333,187520,135154,68073,22301,3317,337677,345790,348778,329655,341090,375368,386560,388823,382069,386584,400337,402933,362024,307575,263210,172158,129556,75302,28691,6861,701
18,2020,Burkina Faso,1650799,1506446,1315584,1158004,956211,846833,727861,588438,461179,345395,296221,237715,185298,141725,96995,72017,37800,19920,4786,758,57,1698016,1550557,1356632,1199047,921967,762580,654594,569087,404832,247696,211829,179250,142167,110289,78197,52187,28097,12788,2891,366,25
19,2020,Bulgaria,146138,163856,181478,159242,154993,184833,236377,250685,274816,261422,240078,237345,245474,246221,235885,164164,112413,59301,13769,1542,49,154843,173229,192056,171456,168869,201829,253084,271083,296332,274333,242091,223003,211061,190174,162449,101517,62812,33982,9645,1455,78
20,2020,Bahrain,46361,45672,44186,46360,52401,58463,59667,56745,49567,39705,30580,23018,15999,9561,5579,4170,3016,1749,693,182,31,47427,46673,46224,54635,74567,94159,104605,112106,103053,78843,57502,38018,26980,12873,5704,3342,2364,1285,484,103,13
21,2020,Burundi,945858,852931,772861,641721,530445,439407,374084,310054,253615,203406,167620,143661,120465,92740,55024,32082,18631,7483,1710,216,15,964204,864311,780334,644984,527738,432792,368868,308736,248143,197661,157737,128583,102508,75022,41314,22056,11669,4240,860,95,6
22,2020,Benin,1154420,953632,796408,704612,614209,509464,416822,341896,286254,235830,145522,115630,95797,68683,47604,29785,14418,5313,1282,173,13,1190205,963276,800232,703577,596821,467185,364800,297513,256670,217175,131870,106604,86946,61632,40535,23123,10682,3631,799,102,7
23,2020,Saint Barthelemy,162,174,184,101,147,236,219,197,216,238,261,271,260,231,189,133,80,37,17,4,1,170,186,194,106,170,276,261,236,258,279,309,325,303,261,202,128,69,28,9,1,2
24,2020,Bermuda,1945,1924,1948,2063,2091,2161,2094,1994,1855,1999,2469,3149,3058,2437,1939,1521,1069,710,342,113,22,2046,2031,2059,2184,2226,2269,2121,2060,1877,2041,2417,2918,2624,2105,1591,1121,653,400,138,29,5
25,2020,Brunei,17957,16661,15501,17167,20355,22202,23692,21552,19199,15697,12980,10541,9165,6512,3639,1806,1261,632,168,29,2,18857,17796,16603,17523,19840,20667,21560,19312,17291,14030,11269,9932,9344,6611,3555,1824,947,353,98,14,1
26,2020,Bolivia,565915,566427,571257,564513,525998,502409,473314,420836,351101,294265,242823,209986,178182,140409,104374,70701,40830,22169,8980,1952,215,588498,587843,591078,582132,538935,510507,474196,415941,338731,269134,207981,178248,150657,117450,86083,54647,28147,13376,4570,795,69
27,2020,Brazil,6998604,7214055,7698251,8378569,8401494,8140415,8411517,8643707,7951147,7101334,6565125,5989067,4966269,3964366,2971075,2054105,1310301,654097,228963,44598,4088,7291389,7499995,7991172,8665251,8620819,8268880,8446545,8561141,7751450,6817869,6192447,5472554,4369492,3323818,2333363,1473635,823027,340774,92007,13608,949
28,2020,"Bahamas, The",12666,12541,12498,12548,13688,14152,12309,12152,12553,13117,12640,11024,8641,6732,4830,3379,2107,1052,354,81,10,13037,12904,12855,12900,14035,14473,12531,12315,12464,12532,11844,9773,6949,4967,3243,2033,1125,458,120,21,2
29,2020,Bhutan,33072,33437,34970,36985,38218,40219,40910,34569,27379,21474,17226,13634,10734,8640,6960,5106,3177,1489,446,72,7,34523,34813,36350,38404,39588,41776,42513,38963,32320,25429,20064,15390,12190,9638,7537,5442,3296,1460,409,59,5
30,2020,Botswana,116881,117635,115875,109696,105765,102903,96863,94568,79346,61410,49832,43043,34844,26124,18880,14892,9610,4309,1166,165,12,119699,120126,117076,107303,101521,100121,83353,76365,68444,58428,47548,34921,24478,18764,14882,10882,6115,2362,617,81,5
31,2020,Belarus,233990,256463,249829,216953,224864,293853,387442,393679,355244,344765,330710,379821,385433,312924,237826,152714,167011,89730,41987,8896,784,247766,271552,264666,229165,238238,309133,397873,395937,347041,324870,282123,313884,290648,204981,131770,65904,56364,23386,7654,898,51
32,2020,Belize,21210,21341,20880,20210,16436,17193,15713,13626,12005,9862,8831,7128,5332,3890,2382,1427,954,511,149,19,1,22182,22231,21758,21737,17464,18044,14803,12238,10767,9077,8430,6985,5264,3849,2308,1330,833,383,94,12,1
33,2020,Canada,940292,970839,1003498,973140,1058810,1221602,1289220,1295423,1244808,1191995,1234895,1378732,1303853,1113520,928271,647955,463913,343820,214210,96414,69562,991535,1025087,1059013,1026707,1140089,1306065,1322653,1290930,1214704,1169973,1221105,1361415,1261618,1047084,857561,566706,367218,231406,119547,48708,35707
34,2020,Congo (Kinshasa),9030584,7937540,6475130,5260868,4595971,3897145,3130774,2515007,2009010,1587226,1283750,996114,773315,582520,414923,253813,120616,41982,8856,1015,57,9178384,8034851,6538165,5296720,4611964,3901219,3137389,2529698,2022649,1598642,1269855,950426,696841,487970,319593,177059,74254,22319,3953,375,18
35,2020,Central African Republic,381741,333043,301087,274226,247704,221009,194786,157684,127062,102394,87674,62551,49188,37673,28942,20906,11595,4389,1016,111,6,392224,355457,325439,298108,263229,211866,160699,123710,109536,98746,87605,66891,48573,30147,20717,14433,7294,2590,530,57,4
36,2020,Congo (Brazzaville),392158,365676,331758,243199,209006,192707,181908,167200,140891,114570,89040,66463,51349,37575,25273,16231,9534,3911,994,145,10,400433,374100,335806,246629,208355,189558,163491,153932,148885,129537,101346,73696,51513,33329,20907,12430,6447,2257,486,59,4
37,2020,Switzerland,213044,210478,201654,199493,227188,261710,292846,303425,292142,296050,320203,308095,256336,220006,206516,172279,126320,89464,42436,11207,1271,225718,223588,214755,211523,234667,262183,290513,305490,293808,293961,322719,314306,256483,208377,185992,144089,89575,50611,15650,2198,120
38,2020,Côte d'Ivoire,1821837,1726884,1722187,1497477,1281577,1132302,1014985,824719,700698,587726,458815,256826,219234,182158,129201,73948,34731,11031,2098,210,11,1843824,1736779,1726384,1495334,1278430,1142595,1044384,851202,725413,616915,486445,278120,215883,160411,103258,54430,23371,7028,1211,108,5
39,2020,Cook Islands,260,254,269,289,300,291,224,212,237,320,348,304,237,189,138,122,88,43,15,4,0,276,282,312,341,340,296,215,178,209,311,381,393,291,203,179,104,55,23,4,1,1
40,2020,Chile,583190,591133,584503,578738,654300,708432,694821,650480,580602,602074,625031,624594,523146,400267,314267,239715,156208,86266,38482,8572,1344,607191,615231,609168,601927,681692,733322,714550,660080,579840,592744,601968,577054,458759,334908,247450,169618,94129,40306,13889,2239,256
41,2020,Cameroon,2203570,1908949,1707217,1489154,1287674,1122764,952483,767444,604345,475696,386698,309278,243519,184483,130397,82431,42852,15926,3671,458,27,2244246,1946010,1736888,1506711,1275655,1098998,926607,744423,587676,460808,372349,292856,227916,169698,116236,69861,33689,11362,2311,249,14
42,2020,China,38898766,37227422,35656239,34191682,39684466,48128777,62018343,48596175,45387943,56128753,58451566,47409493,36148014,35544771,23360749,14835509,9800033,5066069,1566158,265655,19348,43933770,43303522,42059047,40312118,45817723,53218977,64173087,50883009,47096321,58099063,60319274,48010856,36816789,34411322,22080119,13084854,7738618,3335783,825071,104871,5852
43,2020,Colombia,2014558,1998617,1946877,1922752,2005559,2040968,1929843,1717581,1556109,1543948,1561490,1399823,1163204,883545,627053,416751,254136,130010,48365,10882,1289,2121786,2102099,2045111,2011336,2084590,2100083,1965274,1721621,1518968,1481152,1470365,1283430,1024357,729403,461395,280750,160042,70000,20056,3225,261
44,2020,Costa Rica,184500,184945,179418,181821,197377,208689,215056,197483,173213,160003,157445,144511,118207,87642,63020,42580,26688,14399,5511,1212,151,193240,193524,187645,189930,205199,215148,220188,204533,177371,159943,152944,137070,110776,81688,56841,36595,19715,8093,2204,315,24
45,2020,Cuba,287027,305776,284019,305891,321434,329251,384538,350274,299375,441352,499052,477749,322406,262411,236674,193676,135051,76575,34748,10561,2050,303874,323638,302140,329268,348934,358031,410967,361481,291336,425812,487919,459584,300650,237692,211790,165086,107210,50706,18068,3970,527
46,2020,Cabo Verde,26442,26570,27202,27062,27340,27506,25769,21995,17544,14270,14810,12892,9910,6642,3728,3839,3599,1679,510,68,7,26908,26867,27233,27087,27345,27255,25029,21293,15897,13250,13295,11708,7393,4479,2631,2198,1838,818,218,25,2
47,2020,Curaçao,4885,4769,4882,4887,4915,5392,5310,4708,3433,4210,4550,6183,5728,4967,3925,2696,1826,949,374,90,12,5135,5004,5066,5070,5368,5820,5543,5034,3631,3952,3779,4753,4400,3584,2883,1871,1091,513,155,25,2
48,2020,Cyprus,33607,32639,30274,31091,39779,48938,48958,50270,45729,43080,43386,41707,37187,30515,24969,17697,10836,5689,2182,481,56,35217,34431,32267,35973,48877,59249,58189,58492,51612,46243,43324,39065,33811,26271,20306,13619,7194,3095,904,154,13
49,2020,Czechia,241880,264563,282918,237805,238026,312864,352440,369200,447190,427086,341611,331736,330187,363318,343258,245614,149440,95177,42828,11428,1106,255706,280476,298264,253197,255171,334988,377579,399034,473049,446354,352348,329535,306859,311914,268293,170555,88844,46691,16176,3097,232
50,2020,Germany,1683969,1669371,1671797,1792859,2061402,2253573,2526335,2450062,2351437,2503115,3289941,3396033,2932779,2593442,2085065,2049397,1884244,963307,457883,146488,20999,1776750,1761217,1764808,1884800,2127887,2298632,2577315,2456231,2351130,2522407,3349719,3433254,2865333,2388514,1843627,1651041,1348387,594193,234035,50666,6376
51,2020,Djibouti,47398,44486,43885,47154,51975,54386,47390,39182,32655,25867,20710,15462,10715,8106,5711,3551,1793,662,159,21,2,47985,44795,43857,44736,44082,41887,35075,27537,21981,17022,13444,11178,8714,6993,4751,2679,1186,369,75,10,1
52,2020,Denmark,154188,149507,165338,168842,184132,196968,178966,165697,179538,197587,203317,196595,174634,163758,166592,132284,84714,48896,24135,8116,1380,163527,156769,174536,177211,193355,205588,187549,170381,182474,198600,205459,198254,172144,156110,154447,116142,66009,31024,11274,2582,308
53,2020,Dominica,2634,2601,2490,2328,2435,2907,2704,2745,2183,2100,3014,2091,1671,1509,1129,916,717,439,181,42,7,2756,2729,2607,2461,2577,3098,2849,2799,2346,2147,2919,2218,1918,1644,1080,750,459,227,79,14,2
54,2020,Dominican Republic,462739,460826,461332,474669,462556,436384,402517,359798,318790,293405,277729,241449,187605,137792,98370,62424,34287,13622,3547,405,26,479071,476495,476303,490184,478311,452130,418662,377390,332082,303455,284096,243611,185954,132368,88894,52122,26110,9059,2150,214,13
55,2020,Algeria,2141786,2163900,1874568,1481600,1438743,1734423,1753307,1748702,1529735,1242339,1078541,896571,694453,502904,359611,237724,165173,98827,37623,9022,1533,2245482,2270757,1967740,1552948,1509342,1824952,1823817,1769083,1556269,1280382,1094125,902269,702531,510380,336296,193225,124687,68551,22845,4618,655
56,2020,Ecuador,695771,707516,722246,732731,742739,702182,668216,615893,564505,492188,434966,380607,314897,252974,184396,135022,89260,49769,20091,4871,619,724678,735699,749994,762009,767143,711664,659091,591121,525788,447803,395874,352937,298540,236864,171124,121523,76040,38484,13632,2715,279
57,2020,Estonia,29913,32857,34399,27594,24840,31199,43972,43191,41343,42534,41257,44707,45990,43714,38852,30331,29070,16506,7579,1797,156,31295,34440,36518,29413,27116,33935,47263,45046,42724,42375,40912,39111,37156,31051,23848,15411,11570,5144,1842,301,24
58,2020,Egypt,6532645,5811837,4533102,4428052,4642526,4587417,4079031,3316485,2819528,2366155,2210211,1754802,1423136,1029329,664142,407646,209733,79580,20179,2645,169,6950262,6230531,4909624,4765124,4920194,4807341,4216229,3317623,2937319,2554618,2205082,1812136,1352949,934066,612726,395017,191764,65017,14704,1728,99
59,2020,Western Sahara,41442,38679,36027,32938,29804,26830,23901,20603,17202,14683,12353,10368,8230,6149,4302,2780,1556,602,153,20,1,42493,39435,36668,33498,30193,26960,23729,20149,16559,13937,11569,9373,7005,5224,3438,2089,1057,369,86,9,1
60,2020,Eritrea,393010,382997,381042,344406,284172,232107,202514,189151,169034,142713,100681,67663,58316,53131,41644,27550,15145,5585,1236,149,10,399140,387514,383865,343705,278725,224087,196207,180452,162560,135433,99972,62460,42816,35130,28196,20176,11045,3960,883,95,5
61,2020,Spain,1003736,1164214,1240391,1148659,1055921,1120840,1268395,1568892,1984687,2050396,1896509,1726157,1519406,1287886,1190768,985903,767189,603338,271229,70261,9725,1067611,1237110,1316414,1218553,1120202,1195978,1381313,1698694,2081284,2102216,1903621,1678748,1426534,1161122,1003400,761361,500687,328401,123109,28397,3688
62,2020,Ethiopia,7855816,7152979,6370513,5667298,4874832,4330612,3822549,3285850,2637481,2102210,1688597,1359962,1073356,812317,568958,343837,174247,62684,14093,1630,91,7995294,7242757,6416740,5671176,4834967,4268578,3760380,3229577,2645233,2126923,1689849,1330776,1019830,739321,487208,277193,125377,39196,7424,724,35
63,2020,Finland,145318,149443,152114,145472,152212,172722,169983,175189,169552,155356,174834,185013,182974,185511,187261,123871,95186,61503,31942,9572,1507,152022,156305,158754,152722,159464,180693,180086,186775,178981,161345,176444,182804,175141,170265,164166,98163,63556,32780,12507,2564,283
64,2020,Fiji,39789,40617,41367,35552,35110,35347,34664,35624,31480,25444,24183,24122,19329,14897,10904,6998,3609,1313,317,44,4,41594,42345,43082,36976,36390,36914,36517,37691,33539,27248,25270,24643,19958,14193,9643,5384,2267,649,112,10,0
65,2020,"Micronesia, Federated States of",4661,4771,5006,5090,4579,4235,4044,4065,3467,3063,2513,2108,1772,1278,721,334,181,96,27,6,1,4838,4916,5151,5157,4520,4054,3943,3711,3330,2661,2242,1983,1628,1174,640,221,79,42,11,1,0
66,2020,Faroe Islands,1749,1576,1581,1698,1759,1895,1640,1024,1271,1406,1598,1531,1487,1298,1188,908,570,376,198,63,10,1877,1686,1678,1846,1854,1979,1918,1418,1535,1629,1799,1689,1532,1357,1237,895,477,262,103,24,3
67,2020,France,1988559,2041964,2053459,2004034,1933833,1921331,1985002,2018125,1970491,2227868,2241811,2231354,2150739,2066986,1926623,1254089,1101200,880762,464321,138709,15785,2081895,2137251,2147608,2096821,2025321,1998795,2051628,2079510,2021011,2262764,2203196,2112790,1973243,1848487,1684958,1028052,771216,486894,188432,38789,3167
68,2020,Gabon,135434,131876,131775,123089,110684,93786,68961,51835,42457,40967,39770,33270,23575,15072,11133,8719,5885,2738,715,108,9,138616,136808,138166,131576,123173,112361,90884,66063,46037,36381,35181,32867,25990,18448,12480,7387,4027,1604,369,53,3
69,2020,United Kingdom,1902613,1889805,1861388,1750328,1941793,2149746,2225281,2098132,1919785,2060537,2296528,2300641,1944277,1689036,1726057,1252356,922732,598858,319939,116065,24191,1999777,1987392,1957456,1839171,2021291,2232302,2323385,2215157,2036491,2174237,2360033,2240648,1905872,1577757,1541113,1041127,689224,379444,163722,47582,8000
70,2020,Grenada,4018,4215,4287,4082,3873,4203,4865,3983,3124,3191,2847,3437,3086,2165,1724,1267,842,394,133,17,1,4414,4636,4607,4137,3890,4136,4767,4026,3430,3563,3213,3645,3118,2240,1606,1040,625,246,65,7,0
71,2020,Georgia,142893,152384,141670,118484,132396,178305,195721,178822,160730,152440,150476,187941,176633,147146,102767,75242,89317,49365,30656,8310,1712,151300,164796,153889,134557,151983,186569,197829,170952,148535,144527,136455,150093,138726,111463,74246,48791,53372,25030,11965,1968,209
72,2020,Guernsey,1547,1561,1602,1593,1884,2129,2185,2012,2091,2348,2734,2549,2204,1871,1957,1227,994,671,386,138,30,1661,1656,1685,1681,1938,2187,2303,2267,2169,2352,2567,2523,2150,1888,1798,1118,826,446,186,51,8
73,2020,Ghana,2182653,2063973,1791789,1538061,1383113,1291414,1221516,1073834,856509,689231,586646,440492,359879,269834,189142,135869,91876,44866,15101,2808,252,2230093,2100777,1818608,1543196,1343315,1196166,1080017,925821,742085,595838,535654,397986,303180,235600,159437,102659,62189,30462,9603,1605,132
74,2020,Gibraltar,989,947,893,884,975,1209,1095,1043,964,905,737,681,808,744,698,380,308,178,82,33,6,1036,999,941,936,1024,1269,1150,1095,1078,932,754,509,588,734,773,452,374,166,66,20,4
75,2020,Greenland,1971,1972,1969,1995,2155,2298,2117,1712,1413,1314,2131,2297,1619,1089,676,526,275,142,57,11,2,2056,2021,2001,2033,2162,2463,2198,1809,1526,1506,2505,2557,2043,1340,913,565,234,92,27,4,1
76,2020,"Gambia, The",133845,129581,124577,115322,106775,99467,86611,73313,59809,45392,34750,28280,22357,17129,12686,8037,4103,1555,364,48,3,135929,130618,124548,114045,103917,95913,83058,70189,57859,43808,33135,26051,20266,15395,10941,6636,3170,1062,216,21,2
77,2020,Guinea,986040,837340,736456,653002,551363,464938,399711,336954,285048,240646,203681,168936,136482,106869,77577,49209,25338,9212,2042,233,12,1005151,850644,745340,660091,555565,466203,399416,342638,287956,239311,197617,160453,126993,91953,63876,37982,17927,5810,1137,113,6
78,2020,Equatorial Guinea,57250,52821,48752,43924,37986,32519,27860,23683,19896,17061,15293,12655,9645,7253,5689,4052,2129,765,183,25,2,58749,54392,50337,45502,39399,33686,28675,24118,20166,17254,14257,10343,7148,5273,3878,2679,1489,522,105,12,1
79,2020,Greece,221254,249439,275209,253968,265851,270677,300355,342572,396971,402816,406714,374034,359133,324641,304771,248371,232126,144037,53586,10831,1268,234628,263183,297103,281982,295162,291745,308671,336744,376951,385707,380671,337903,318576,289466,263582,203896,166276,95510,32469,5463,529
80,2020,Guatemala,961129,952001,900169,848806,829257,765818,657640,553165,482502,408449,318601,274917,228367,178514,125732,81601,42814,19058,6119,983,71,1000374,987354,929615,865282,835797,763616,648254,538848,460363,380454,282658,241182,196076,152863,107685,66373,31594,12337,3286,442,27
81,2020,Guam,7606,7457,7055,6491,6084,5929,5286,4548,4428,4899,4790,4763,3854,3169,2437,1295,1018,500,126,21,2,8122,7978,7638,7297,7227,6705,5682,4716,4543,4995,5253,5164,3918,3073,2247,1130,690,274,68,10,1
82,2020,Guinea-Bissau,156345,134491,123231,108025,92365,79044,67567,57572,46073,35950,21150,14354,16312,14388,9136,5729,3229,1275,273,31,1,158849,135831,123105,105317,87123,71696,59013,48928,38982,33284,23513,17039,12511,9707,7334,4743,2444,868,174,18,2
83,2020,Guyana,30513,30422,33760,44872,41141,25184,26743,22338,21920,21462,20892,18983,16343,13963,8156,4839,2466,960,262,39,2,31810,31683,35231,46994,43668,27851,29668,25431,24904,23779,22729,19048,14395,11221,6502,3752,1867,675,164,19,2
84,2020,Hong Kong,153280,160345,124298,131962,171927,231667,258221,304222,306984,324895,338232,359510,309319,237857,173359,95354,90910,70899,34102,9155,1183,167699,183472,139275,144816,190055,224973,209862,231309,221796,214555,226176,294943,287630,222108,166812,95845,74164,46171,15759,2830,275
85,2020,Honduras,427638,457588,490050,502558,470165,418161,363829,329177,289400,238525,193708,154530,127333,100519,73927,50181,31821,15360,4727,855,75,438694,469597,501155,507495,461704,394067,331723,295580,258229,210847,166411,128583,105444,82603,60765,40593,24248,10672,3038,484,38
86,2020,Croatia,91504,96858,102079,99109,122366,120484,133778,150849,152408,142112,139923,150082,161107,152624,115890,79088,79070,59958,29850,9217,1145,97232,103719,108208,104884,128714,125305,136618,153745,151462,140441,134281,140619,150525,142354,99702,51477,42584,22579,5182,430,23
87,2020,Haiti,574107,571218,586061,579459,567284,518767,449726,380313,315935,264535,215933,170755,134828,104590,76858,49863,25856,9488,2272,282,19,571328,566187,579286,576008,569106,514973,445610,374585,310063,257607,207455,160524,120109,88614,61151,36669,17268,5523,1110,107,7
88,2020,Hungary,214479,230437,244715,241275,251087,296469,306372,319307,407408,382913,332123,293441,343580,372926,298573,240260,169547,101732,44251,12533,1890,226927,244565,259918,258540,268500,311366,318023,326973,414154,383498,320062,264458,285628,283600,204011,140070,78904,41475,15621,4086,703
89,2020,Indonesia,10723431,11566462,11748504,11236586,10585471,10165954,10359351,10685656,10109461,9553265,7479406,6487657,5441544,3668984,2324101,2167930,1291871,542688,153957,16822,1570,11199474,12097979,12324370,11778244,11106159,10493065,10268494,10228956,9751348,9261789,7765531,6434681,5060935,3889791,2109730,1584643,816173,294678,72624,6607,458
90,2020,Ireland,170415,184027,179023,158440,150394,151189,172522,207150,206241,186982,161911,149174,129931,113537,98440,70838,49419,30297,14366,4339,661,179603,193319,186127,162853,153365,153954,168737,204815,209472,193129,168284,150191,129358,110906,92438,61831,37869,19274,6846,1576,220
91,2020,Israel,368016,392339,372256,344810,320580,298198,285467,273420,263234,246262,213634,188741,179158,171570,143167,96347,71127,48878,23439,6571,850,385899,410834,389380,359888,333620,310606,298039,285013,275144,255234,223452,194123,171005,156404,125690,78404,52268,31563,12067,2794,301
92,2020,Isle of Man,2348,2364,2332,2229,2413,2654,2552,2566,2729,3258,3381,3315,2925,2573,2567,1918,1400,885,479,159,26,2530,2546,2604,2619,2704,2730,2569,2514,2649,3185,3456,3415,2906,2616,2506,1700,1130,605,245,69,10
93,2020,India,53810025,53983050,54278214,54643764,54018702,51415321,48921492,46481277,43577317,40482301,35190193,29236080,23629054,18303257,13372057,8858730,4841057,1937006,493191,68629,4623,60252385,61112748,61617745,62111269,61297909,57853910,53545775,50042919,46187162,42088968,36054766,29503810,23356249,17574089,12247627,7578821,3755264,1307956,280770,32335,1822
94,2020,Iraq,2383881,2390211,2252299,2029559,1752933,1502181,1451898,1281161,1067910,881742,729048,488462,350870,314611,192824,114525,60734,26429,8972,1186,41,2491159,2493909,2348066,2105393,1807277,1515680,1443558,1251513,1053375,904830,750062,492545,313190,264304,157333,90209,43906,16065,4506,516,12
95,2020,Iran,3479650,3400228,3117066,2822623,2714996,3718102,4249018,4084578,3369144,2620155,2292555,1833764,1511950,1093659,701850,432778,273431,133353,39121,7006,394,3644812,3559978,3263847,2960365,2846786,3901374,4477308,4231698,3532818,2780442,2324444,1771621,1458815,1017104,593279,363447,224022,104370,26129,4267,194
96,2020,Iceland,11523,11642,11669,10880,11428,12214,11787,11610,11281,10780,10437,10922,10260,8615,6968,5110,3430,2534,1381,441,81,12036,12193,12154,11105,11632,12651,12313,12208,11534,11100,10409,10631,10238,8724,6950,4527,2669,1661,771,228,46
97,2020,Italy,1294479,1363818,1439001,1466684,1522710,1677402,1799180,2004297,2287204,2580215,2576093,2427676,2074554,1846895,1794739,1425946,1247035,829280,440640,155448,23886,1366819,1431903,1493234,1490401,1514753,1638215,1746134,1941479,2229630,2527937,2494821,2318575,1931534,1661643,1542846,1122717,866371,480442,200624,52198,5966
98,2020,Jersey,2934,2619,2492,2676,3674,4196,4212,3002,2084,2764,3804,3699,3172,2713,2499,1725,1371,841,436,151,30,3112,2789,2696,2910,3855,4328,4324,3376,2245,2676,3575,3567,2979,2350,1990,1233,958,494,180,45,6
99,2020,Jamaica,110448,115211,122219,125560,124426,110676,100561,90399,82780,84324,83406,75354,61121,44272,33697,26202,17985,9619,3123,487,41,115301,119270,126122,129520,126740,109340,93870,80596,73706,79368,83124,74567,59310,44277,32947,23126,13813,6163,1730,231,16
100,2020,Jordan,577266,590153,570085,533974,478761,429630,382006,336581,292636,255020,208473,155031,108504,75176,58254,38029,20523,8247,1895,291,23,610454,623907,601208,576939,549723,514660,455181,390806,339081,300899,250853,175840,115437,76624,52835,37142,19383,6762,1484,178,12
101,2020,Japan,2346395,2631629,2747766,2751074,2864589,2968182,3335054,3843539,4242410,4803385,4223995,3850452,3697520,4223588,4709642,3875280,3096678,2338018,1275834,427805,82444,2487162,2798290,2911056,2991509,3233319,3170509,3292179,3695710,4060315,4689452,4190597,3880250,3703231,4074808,4298188,3218772,2197213,1288299,504908,102730,11951
102,2020,Kenya,3452674,3428391,3422744,3017968,2442396,2025994,1925347,1790726,1452304,1036752,790083,618500,474805,359471,244489,155664,86448,35419,9181,1289,86,3494073,3455994,3455087,3040236,2446398,2003160,1906844,1776394,1471114,1069573,819857,614412,438790,313467,207911,128395,68180,26003,6192,791,51
103,2020,Kyrgyzstan,297394,300336,281851,228861,231700,256873,261800,222968,172739,156861,143503,145366,127179,90893,53037,22522,30051,12160,5177,746,51,314393,317067,296058,236075,239923,263386,261742,216543,167545,140296,123735,116826,94952,61913,33008,14482,16085,5523,1958,189,10
104,2020,Cambodia,862597,849674,820437,758990,727030,833309,817352,711642,412632,428750,416415,355570,266441,206114,136920,85249,47666,19188,5028,650,35,886485,867206,834114,759392,707492,811967,795078,688545,393570,403223,386743,317237,165397,123088,83697,49173,25314,8942,2108,270,14
105,2020,Kiribati,5231,4995,5239,5477,5991,5279,5028,4137,3182,2651,2992,2383,1747,1250,893,550,316,130,31,5,0,5463,5208,5389,5463,5729,5028,4755,3882,2989,2409,2575,1991,1397,908,612,307,147,46,9,0,0
106,2020,Comoros,48379,51823,54746,50010,40359,33696,30440,28189,23528,21953,14078,11798,9557,7776,5878,3806,1998,794,201,31,2,48649,51804,54268,48383,37514,30614,27620,25485,20858,20149,13377,10204,7528,6003,4779,3181,1783,682,149,21,1
107,2020,Saint Kitts and Nevis,1717,1804,1798,1787,1952,1878,1948,2010,1980,1845,1793,1828,1659,1078,645,463,326,210,107,32,7,1755,1832,1751,1716,1777,1899,1995,2063,2106,1956,1962,1938,1584,1101,637,400,249,140,54,15,2
108,2020,"Korea, North",875802,846471,845953,905775,967061,1014712,928687,857691,780716,988563,1059875,814582,695774,396207,481539,372779,242256,103731,28048,4100,243,919371,880573,873275,927674,974012,1037137,959283,875888,781849,972916,1046113,772904,605021,307115,301434,171969,68997,13956,1582,94,3
109,2020,"Korea, South",875668,1093388,1093360,1198541,1571443,1690436,1544518,1857709,1855437,2102832,2069905,2136737,1956875,1407823,1073655,867032,685614,409465,174043,53161,9886,921407,1151844,1162580,1301304,1735299,1970724,1780381,2086301,2068059,2094181,2070516,2044481,1887537,1304982,932204,636794,424363,203390,58743,13026,1530
110,2020,Kuwait,128826,117039,102448,90506,112035,129180,128036,112092,91103,68595,54883,41526,30872,21090,13442,7767,4201,1729,522,105,13,138062,127983,112165,97032,148221,214739,219026,195102,158595,114844,83561,56844,34280,17993,10103,6022,3153,1179,306,46,5
111,2020,Cayman Islands,1872,1809,1759,1782,1882,2101,2018,2140,2149,2374,2360,2517,2272,1835,1210,798,507,276,111,28,4,1900,1835,1775,1786,1875,2015,1955,1993,2100,2154,2275,2367,2051,1594,1120,689,413,181,57,11,2
112,2020,Kazakhstan,837384,897067,808199,609823,601530,764900,837356,727350,625136,622718,524645,584515,519064,398750,244030,149032,165419,50369,31485,5782,739,780257,835206,815121,637942,623889,784403,834098,718582,602784,532778,485819,469139,389233,270508,145277,75700,65913,10721,2457,103,3
113,2020,Laos,394831,381040,376446,391596,378205,348238,303543,251878,210624,177030,153192,118006,103847,66635,47012,32335,16843,6736,1628,206,14,404934,389482,383656,392874,370741,342465,296651,253904,200810,174299,142530,110591,98251,60658,40773,23508,12174,4281,873,90,5
114,2020,Lebanon,164207,185293,202271,200947,199968,212298,229962,231304,215829,197279,170950,152482,123684,90227,54782,46518,34973,15756,4457,689,44,172067,194516,211826,209892,207427,222465,236610,240504,224217,198648,174353,141254,109759,70888,35683,35433,29771,11214,2700,348,19
115,2020,Saint Lucia,5052,5121,5272,5263,5882,6121,6015,6257,5972,6246,6188,5622,4463,3688,2648,1993,1572,1134,601,207,48,5348,5445,5616,5542,5926,6142,5540,5748,5616,5726,5604,4858,3742,3201,2286,1723,1356,851,375,110,21
116,2020,Liechtenstein,890,896,903,989,1191,1201,1177,1248,1251,1400,1596,1552,1377,1181,1008,809,470,297,149,62,11,1115,1116,1028,1095,1144,1189,1263,1283,1248,1351,1540,1435,1281,1095,978,692,362,175,66,21,2
117,2020,Sri Lanka,819163,870096,902638,861129,774775,812143,791963,873423,846334,747861,718087,675591,615406,487627,385527,246949,158661,90138,34650,7536,888,850708,904168,941205,898691,801703,827958,797830,859078,815245,688398,652774,592239,519570,391533,291055,169089,102885,49675,17787,3238,342
118,2020,Liberia,412426,358370,316956,273191,242942,171837,175975,152991,117937,88104,67773,49452,36778,26942,20280,14064,7958,3263,821,108,8,421525,366228,323603,275565,240572,166112,166741,145028,113044,87728,69329,51146,38005,27699,20096,12942,6623,2341,496,52,3
119,2020,Lesotho,119253,122077,121840,110476,97594,89741,82485,72896,59117,42148,36570,35004,31321,24612,19457,14522,9955,4614,1188,158,11,121134,123455,123054,112149,99805,93613,88750,79165,61931,40818,31145,26352,21857,16608,12385,7852,4609,1972,448,51,3
120,2020,Lithuania,66470,69496,67802,64372,71526,81581,89546,85292,83656,96847,101213,116154,112838,91946,81422,74838,62592,36334,10445,1691,9304,70277,73409,70992,67897,77662,88533,94451,87082,80502,88759,91216,98298,85624,61449,46831,37141,25718,12896,3660,613,1441
121,2020,Luxembourg,17409,16769,16825,17000,19059,21749,23649,23318,22553,21707,21559,20156,17203,14402,11865,9235,7537,5197,2995,1294,472,18528,17908,17662,17833,20115,22843,24216,24510,23863,22738,23388,21737,17569,14108,11327,7757,5404,3108,1616,378,54
122,2020,Latvia,44880,46190,49188,42864,39298,53954,67701,62665,60758,67812,67297,77474,75318,66294,57251,54546,45194,22953,8708,1551,116,47366,49177,51781,45102,42448,58176,71251,64823,59328,64253,63656,66497,58998,45283,32162,25830,17355,6324,1270,90,4
123,2020,Libya,394304,400943,338877,269211,244518,237614,258397,258526,247321,208314,162921,113798,79766,55359,42860,24728,15841,7803,2479,416,36,412532,418295,353958,280464,253782,250698,284607,295637,277615,218772,164152,113402,73522,44793,38749,24319,13795,5845,1458,195,15
124,2020,Morocco,1553450,1585271,1567188,1509327,1421318,1377362,1403072,1336551,1183160,1073356,952864,847904,701867,503489,330586,239590,148819,61861,15665,2168,146,1622989,1654082,1624325,1535016,1418656,1361638,1374332,1294540,1144164,1039754,913625,821727,713358,517891,317747,207875,120938,48213,11438,1398,85
125,2020,Monaco,478,486,614,681,695,649,688,670,765,1015,1172,1195,1173,1118,1164,1164,895,582,360,280,166,506,506,632,744,716,714,750,674,728,938,1116,1187,1181,1083,1097,956,705,446,226,116,35
126,2020,Moldova,93160,104153,100994,89048,93390,114129,142634,133317,117507,109061,96298,118942,122143,102703,68402,45048,39760,19150,7386,1250,76,98705,110395,107580,96079,100810,122840,149989,140327,122198,111009,90975,101987,103092,82174,49807,26659,18892,6433,1567,137,6
127,2020,Montenegro,17774,17391,18052,18522,19199,18047,19856,21248,21188,20853,20275,21039,20652,18826,14866,9389,7292,2936,1379,495,96,18529,18874,19998,20023,20199,19143,20375,20957,20588,19457,19861,20345,19758,16877,11428,6397,4517,1791,935,307,52
128,2020,Saint Martin,1315,1554,1323,827,871,1238,1618,1626,1410,1108,838,774,740,606,447,298,188,94,41,12,3,1324,1523,1293,805,838,1224,1664,1497,1149,908,758,701,630,508,372,231,124,57,19,4,0
129,2020,Madagascar,1853278,1723925,1569904,1401050,1275269,1129099,938237,770971,636643,521741,448010,355203,277226,208345,147136,88841,48251,20729,5361,730,49,1894533,1758054,1600975,1426150,1286230,1128236,945519,778952,638688,517994,447739,352118,266260,184491,124012,70927,37291,15907,3996,541,35
130,2020,Marshall Islands,4187,4145,4137,3824,3458,2558,3249,3061,2128,1712,1552,1282,1083,844,518,290,148,65,21,4,1,4356,4296,4292,3964,3575,2631,3362,3163,2352,1859,1489,1211,1083,878,521,263,122,44,11,2,0
131,2020,North Macedonia,54964,55803,55137,59466,70305,74667,79489,82510,80436,75761,72344,69956,65559,59464,45943,31612,20535,9311,2003,267,14,58514,60034,58907,63109,76149,79391,83511,85071,82854,76907,72541,68420,63047,53091,36084,23025,13647,5007,586,22,0
132,2020,Mali,1789021,1551207,1296102,1071551,874031,730809,610829,505504,414466,305325,239898,191769,160401,115177,82555,55070,30076,11262,2863,374,23,1819680,1572725,1296354,1011233,757540,593648,486519,416461,367026,289031,242881,205071,162639,116645,83811,54608,26948,9301,2010,226,11
133,2020,Burma,2311336,2430008,2421247,2359074,2409667,2399249,2251816,2257924,2034854,1778942,1617036,1375257,1103849,778294,519515,348091,191567,76196,19513,2639,175,2433268,2554142,2524020,2430302,2422502,2337275,2134854,2155549,1962759,1725912,1551667,1240496,944421,645300,411415,255560,127281,44963,9952,1126,62
134,2020,Mongolia,136601,149367,132340,111193,122249,136808,157915,132720,119147,103469,90316,80212,59190,35777,21630,15737,9901,5486,1796,319,32,142399,155425,137484,115156,124373,134601,151449,123004,108854,96146,80567,67947,47822,27109,14986,10301,5719,2418,601,77,5
135,2020,Macau,15266,14995,14016,14359,15921,23258,29452,32513,29216,24255,28151,24448,21047,15419,9715,6094,4451,3328,1708,565,219,15968,15672,15246,16386,17409,23199,23850,19856,19747,22780,25199,23923,21259,15097,9067,5381,3398,2105,966,340,51
136,2020,Northern Mariana Islands,1737,1790,2437,2126,1775,1542,904,1000,1658,2029,2262,1854,1470,905,477,201,93,52,17,2,0,2012,2082,2875,2586,1978,1760,1142,1074,1496,2074,2467,2200,1767,1050,591,210,112,35,8,1,0
137,2020,Mauritania,264689,247046,229518,209714,190602,170063,150762,131254,110949,89781,75301,60946,47898,36679,26594,17105,9197,3589,881,120,7,268604,249068,228949,204807,180501,155424,133827,113330,93996,74550,62162,51501,38771,28582,20046,11805,5861,2084,443,50,3
138,2020,Montserrat,135,142,135,179,345,182,196,264,267,215,188,164,116,74,35,25,19,4,0,0,0,145,148,145,190,389,176,182,256,233,204,166,148,97,55,48,41,28,17,5,0,1
139,2020,Malta,11183,10536,10103,10235,12576,14874,16497,16260,15855,14266,12518,14091,15272,14114,14910,9891,6888,4310,1910,590,140,11653,11410,10868,10810,13635,16861,18173,17713,16817,15190,12934,14384,15158,13794,13797,8373,5075,2415,915,233,43
140,2020,Mauritius,42430,43633,44717,47076,48259,52992,47540,51535,54458,44362,46252,47970,41198,34060,24099,14338,9383,4977,2039,484,46,44333,45559,46652,49064,49312,53814,49043,52192,53955,43886,44745,44804,36307,28154,17856,9123,5119,2238,678,109,7
141,2020,Maldives,14648,13869,13115,13188,16457,20104,19760,15891,11911,10496,9392,8120,6146,3433,2488,2278,1492,707,228,43,4,15259,14413,13617,15689,22030,26097,24592,19197,14254,11079,9284,7663,5451,2828,2029,1844,1217,588,174,27,2
142,2020,Malawi,1388127,1369775,1315029,1119966,958901,818374,668690,557993,446860,355197,289981,232140,180799,140405,107649,76219,46003,21131,6058,893,55,1382295,1344944,1285029,1087722,925586,783852,640379,536806,432417,335898,268304,211471,163332,125709,91669,60090,31911,12127,2798,329,16
143,2020,Mexico,5475736,5453824,5421830,5408641,5370562,5254221,5047625,4668401,4430459,4185327,3677180,3189024,2610853,1888032,1405962,1030994,677386,347219,123510,23836,2413,5737250,5715070,5660254,5614665,5485849,5256183,4946340,4389951,4014759,3818876,3229006,2707533,2181789,1553609,1152981,829127,514234,246366,78679,13947,1494
144,2020,Malaysia,1223112,1263178,1236686,1340431,1482923,1469037,1376594,1263968,1083494,944156,857094,765786,639202,489039,330180,214573,124426,59322,18879,3874,462,1303084,1337127,1301670,1398153,1559374,1558676,1491987,1385523,1173173,999715,882721,780028,638449,475757,315316,189291,101966,55319,22492,6582,1194
145,2020,Mozambique,2551962,2295109,1919073,1616748,1378180,1156111,987107,841583,668247,525707,385275,287595,221836,172675,125769,83975,45680,17398,3843,410,21,2621102,2360892,1968573,1640165,1357365,1067456,856466,709212,548754,434937,332259,268009,217444,166958,122245,80907,42256,15067,3053,298,12
146,2020,Namibia,160461,155920,147872,139652,126217,116853,99977,86625,72425,59546,48375,39779,28835,20811,15303,11103,7573,3387,680,87,5,164247,158999,150487,141953,125145,112840,93900,80299,67196,54530,40369,31673,22914,16854,11981,7905,4664,1801,349,38,2
147,2020,New Caledonia,10128,10224,10396,10703,11430,11625,10865,10474,10365,10150,9308,7574,6061,5150,4196,3105,2038,1065,408,108,18,10592,10664,10859,11168,11948,12041,11185,10649,10454,10261,9326,7241,5504,4681,3656,2378,1304,546,156,27,2
148,2020,Niger,2263701,1853244,1587160,1305717,1000709,746367,591940,487654,394926,310860,253588,206603,159112,117414,89751,61846,33305,13109,3678,491,29,2308391,1886407,1598767,1281521,965857,707005,552422,444327,361239,284309,234524,200870,157838,113322,83284,56074,28943,10424,2565,306,16
149,2020,Nigeria,16046753,14415723,13194808,11721120,9637259,7734218,6718185,5948355,5014733,4037314,3233670,2552577,1961687,1501110,1085778,672315,331557,115549,24599,2745,149,16806943,15039921,13710664,12121512,9891342,7850577,6751991,5944242,5013835,4044325,3203941,2475862,1851983,1374970,979963,593642,274821,87330,16645,1637,78
150,2020,Nicaragua,250354,252614,267258,291770,307878,323358,267608,241987,206624,176636,157535,127774,96055,73933,53211,37460,22794,10905,3388,510,31,261287,263813,278121,299392,310012,318947,250987,217194,182286,152294,132007,107718,81876,61845,42872,29699,17168,6878,1751,216,10
151,2020,Netherlands,454830,448466,455537,494480,514258,546430,542554,511359,503365,575653,634578,623656,566895,508489,493485,340089,249662,162075,78662,24402,3702,477598,470960,476797,516668,532407,559835,551755,517882,503611,565659,636751,623706,555821,489120,458909,290344,180289,91224,33243,7828,967
152,2020,Norway,161238,158542,158880,153365,167343,184004,188852,174445,166860,181182,182176,165053,153742,139652,133102,96760,64972,42924,23062,7442,1142,169465,166093,167194,161405,175196,193468,200594,190632,182432,191881,191795,172664,156649,138801,127909,86019,48913,25722,10834,2673,310
153,2020,Nepal,1314407,1370053,1421776,1511743,1592422,1499544,1274230,1071994,946936,831424,694523,579614,464760,352867,241122,148016,80348,30012,6799,908,53,1388513,1444770,1502298,1560895,1598250,1447747,1085574,845809,779859,728818,583370,506887,430204,344335,235569,148214,76506,27455,5965,702,35
154,2020,Nauru,512,515,448,452,375,341,477,427,309,251,238,221,172,128,55,18,9,1,1,0,0,535,537,453,383,384,380,499,442,329,242,216,158,102,75,28,8,6,1,0,0,0
155,2020,New Zealand,151317,156874,161666,150353,157775,175473,179436,160039,146392,152757,158480,159285,142466,121015,104759,74911,52193,31932,16495,4910,622,159906,165821,171076,158413,169909,182905,177902,162678,148794,163853,160710,151027,135012,113660,98289,67306,43313,23246,9962,2200,202
156,2020,Oman,197648,180522,150483,142245,155966,164400,157765,146576,112294,69939,48982,37749,31443,25805,19741,13622,7350,3128,1004,199,20,206997,189423,158605,150949,178225,209423,211190,194605,150170,98249,66999,45749,32650,24124,18057,12307,6699,2692,713,108,8
157,2020,Panama,159266,159615,162722,157647,158849,148195,140379,130105,127727,119121,108947,93578,74341,61257,48959,36528,23240,13073,5815,1679,290,165954,166286,169535,164046,164909,152773,146403,134304,130619,119829,109850,93525,72247,57706,44189,30934,17516,8016,2572,499,56
158,2020,Peru,1309326,1326115,1329112,1334472,1399534,1441548,1283659,1138980,1075258,992607,883042,762172,621975,494979,365680,255948,158917,73219,21482,3532,290,1360430,1374350,1371363,1358664,1395561,1402409,1206086,1031382,960220,887803,797243,698042,576194,461938,335732,225791,130403,53721,13536,1863,132
159,2020,French Polynesia,10126,10287,10447,10445,10286,11497,12083,10878,9688,9698,9597,8253,6624,5086,3579,2580,1605,818,290,72,13,10593,10806,11191,11348,11182,12182,12543,11127,10211,10324,10297,8746,6973,5152,3520,2473,1420,633,184,30,4
160,2020,Papua New Guinea,381530,376266,372877,364188,340814,301844,260312,225144,230559,186853,146056,116620,92881,74276,51629,29221,16961,5983,1427,174,10,395704,388635,384491,374784,349640,308653,266581,232598,241014,200084,164486,129922,95162,70653,49914,30562,15102,5458,1337,164,8
161,2020,Philippines,5908873,5770762,5638091,5338597,4903911,4361169,3950944,3605329,3177082,2644420,2288823,1978227,1659671,1296431,848910,546586,305600,123517,31306,4435,322,6164275,6012381,5868814,5555306,5125635,4603021,4191677,3774421,3304883,2700455,2206222,1771526,1348113,961285,608268,354171,166267,56081,11074,1226,73
162,2020,Pakistan,14519451,13804574,12739800,11582623,10369986,9250976,8120421,6942780,5879928,4914229,4345426,3544130,2895546,2163936,1522533,1063965,582519,213954,45858,5314,296,15123307,14389612,13304891,12190381,10931940,9731846,8517895,7306468,6217404,5244404,4594299,3684335,2858990,1993790,1302341,872807,460323,160523,33318,3818,219
163,2020,Poland,869369,936219,948931,861810,962032,1191392,1373611,1616861,1534400,1353108,1135461,1221659,1456713,1393387,1082641,638951,574315,372961,172088,46722,5832,920124,992721,1003080,911756,1017050,1246088,1423362,1659415,1563584,1365013,1126034,1145089,1279274,1124133,785927,392762,295531,172912,75505,19815,2654
164,2020,Saint Pierre and Miquelon,98,129,146,127,97,93,115,171,200,258,260,206,179,180,174,133,90,68,29,11,2,104,135,157,140,106,93,104,154,181,228,279,223,184,183,144,93,67,28,12,3,0
165,2020,Puerto Rico,60896,73918,87080,94648,105713,108845,99859,97167,106363,106655,111133,118232,115197,107841,102478,78695,54254,33007,14927,4836,771,63859,76636,90720,99560,107446,106643,92466,84374,93903,96070,98084,100206,97308,88868,82675,61237,39060,19591,7153,1781,255
166,2020,Portugal,207271,216788,252081,271637,275478,275950,299609,353796,420319,429048,386047,374964,356486,331824,301180,240969,196307,133156,66304,20791,3585,217468,226808,265003,288966,291108,282763,297358,350060,413294,411049,355158,322834,293117,264499,226466,161431,112172,62674,25288,6329,848
167,2020,Palau,561,563,747,887,821,838,667,474,441,616,805,804,674,538,332,265,201,104,35,7,0,598,616,778,871,847,1102,1075,1019,988,1008,828,582,330,215,115,75,60,33,10,1,1
168,2020,Paraguay,274941,265196,278282,297791,331268,340088,307304,262638,228960,211010,181644,159302,139587,104286,77255,57949,35612,20066,8411,1999,243,285621,274609,286580,303152,333378,339919,305990,261608,229079,211852,187336,166156,143724,105769,73811,50688,27646,12989,4344,779,68
169,2020,Qatar,56369,52849,46503,39425,44831,64677,76932,65150,40774,24086,16043,11728,8025,4882,2518,1425,810,360,103,21,3,57684,54220,47111,57977,145682,256802,326195,329516,265863,172645,89763,43150,23858,11839,4650,1643,747,257,54,9,0
170,2020,Romania,454340,488847,514341,516301,552399,596183,825045,790301,923915,860498,866954,596112,730952,700191,542109,385717,337305,181284,65204,13125,1000,480025,516138,542420,545122,582026,628465,860574,827771,961444,870053,848389,552927,627186,556676,395081,248057,192388,95993,31451,5557,379
171,2020,Serbia,152601,159907,165699,186481,188243,210185,228566,249302,254779,249216,237809,244425,252928,267166,202207,134063,112059,66265,23606,4495,308,162147,169859,176113,199022,200451,221596,239289,253318,258896,250305,236783,235971,229539,228325,152501,88772,66150,35415,11002,1776,124
172,2020,Russia,3725131,4193631,3973664,3434564,3166657,4012568,6046936,6038299,5525644,5106076,4657063,5700621,5847582,5058355,3533737,2126353,2495929,1163083,634394,131453,17335,3939662,4430840,4192893,3611164,3309366,4158083,6097386,5902988,5240891,4798840,4211359,4658735,4227398,3153330,1873646,899586,837588,304041,129431,19073,2831
173,2020,Rwanda,863554,856177,792654,679159,594919,493689,525660,443003,325713,229043,184022,163795,134371,91503,53645,31514,16820,6490,1529,196,12,883927,873686,805806,685441,595419,484256,497282,400561,277006,188667,153858,137955,103510,68918,35743,16965,8830,3368,729,85,5
174,2020,Saudi Arabia,1272371,1443347,1463961,1320159,1194893,1301363,1377082,1355630,1196210,956339,619178,449456,331070,226728,157895,105564,58815,25892,7879,1234,107,1322951,1491019,1533843,1408646,1332951,1553595,1814792,2166982,2173617,1606983,1038869,740711,516667,295675,160125,114141,56669,22549,6779,938,68
175,2020,Solomon Islands,36942,35620,34870,33553,31201,28080,24787,21931,20384,17527,13058,9528,7437,5983,4563,3222,2010,989,352,75,10,38829,37730,37009,35559,32952,29445,25741,22578,20941,18078,14006,10422,7798,5521,4121,2995,1702,705,203,33,4
176,2020,Seychelles,2993,2921,2866,2801,2791,3327,3618,3825,3843,3686,3520,3154,2301,1426,1065,825,693,403,155,37,5,3116,3109,3032,3061,3209,3797,4268,4567,4516,4335,3698,3147,2391,1392,915,514,275,105,22,2,0
177,2020,Sudan,3403061,3076446,2920243,2648998,2037733,1613798,1417408,1234286,1066718,908505,747025,544374,381849,264545,173793,110800,65579,28933,8327,1322,107,3527662,3173166,3006188,2708045,2145166,1697564,1415573,1109435,889416,810571,714873,549892,409278,292923,197888,127738,73638,31378,8527,1233,92
178,2020,Sweden,296912,292240,286948,265734,265664,342191,352666,314958,304791,320743,324866,320465,283841,272042,279489,246951,157063,97236,50389,15577,2754,313861,308435,304029,285051,282862,355320,360591,326687,314236,327591,330625,327394,283666,266536,264712,226691,126265,62088,21489,3615,291
179,2020,Singapore,137034,147042,151520,170820,210411,228868,231594,258366,226024,225836,206783,184379,163133,128143,96147,54450,42334,26604,14065,5372,1950,144893,157121,164230,187740,231258,253238,239912,242127,216546,209098,193113,181510,161000,123707,87391,44344,31157,18035,8920,3162,908
180,2020,"Saint Helena, Ascension, and Tristan da Cunha",181,193,212,228,235,222,225,267,295,339,360,271,244,215,168,118,72,48,25,7,1,189,200,219,236,243,230,226,264,278,352,339,249,260,237,204,144,68,31,7,1,0
181,2020,Slovenia,48051,52596,51321,44956,46355,51597,62473,70595,75566,71938,74268,75927,73934,72220,57204,45815,37319,25470,11752,3319,372,50005,55669,54463,47984,50225,56109,69840,80623,86509,79701,77063,76213,72500,68192,49580,34529,23359,11860,4133,773,74
182,2020,Slovakia,125831,136718,137577,127676,139149,171910,195538,203945,223493,215542,188547,183157,190940,183621,140871,100543,70296,40418,18379,5382,686,134315,144471,144318,133016,147259,181386,204462,224069,235162,209519,173900,173534,168205,148436,98507,57980,33929,17895,7138,1854,234
183,2020,Sierra Leone,514343,454466,403363,342446,293182,263055,235132,192176,159677,139362,128615,82335,55987,55172,44358,28271,14256,4626,966,103,7,518063,452618,399404,332791,276307,243748,217331,177849,147519,126097,112060,73965,50167,40875,30110,19546,9647,3137,632,67,3
184,2020,San Marino,738,801,843,907,985,967,946,1060,1260,1345,1509,1450,1088,929,888,705,570,411,203,79,12,806,875,974,1038,1048,903,848,954,1069,1200,1340,1310,1072,901,803,587,434,252,103,30,4
185,2020,Senegal,1137100,1042247,958804,854871,746197,656878,573316,486165,395238,322823,272076,219315,165670,118269,79633,49361,26238,10423,2632,363,25,1152449,1050006,962974,856246,736674,626408,517838,412842,319911,251916,209239,164987,122856,89770,62317,38847,20032,7318,1614,190,11
186,2020,Somalia,956732,820427,721239,635380,526822,411347,382996,307649,256054,218950,189022,154078,116209,69978,45785,31324,16025,5696,1249,145,10,962881,813924,711365,631431,538447,436531,400048,311250,255516,269206,225290,168055,116089,53082,27996,17718,8837,3075,590,76,5
187,2020,Suriname,22089,22780,24493,25159,26156,23372,24216,26083,18910,19578,19498,16232,10977,8292,5585,4026,2915,1444,468,92,9,22922,23601,25397,26135,27146,24362,25451,27512,19968,20087,19486,16136,10510,7411,4457,2957,1992,880,255,43,3
188,2020,South Sudan,815389,707905,629263,618172,476398,370206,319390,297277,244016,195392,150780,106989,79582,46814,33139,20065,9039,3688,932,137,116,848768,740547,649087,618796,534311,433263,336635,292171,237554,198594,164193,130204,98671,60635,44521,27932,13567,5390,1200,157,99
189,2020,Sao Tome and Principe,14245,13477,13264,12309,10106,7729,6970,6321,5601,4224,3031,2745,2017,1393,852,591,442,194,58,9,2,14621,13923,13734,12688,10334,7806,6837,6030,5348,4039,2930,2462,1686,1074,650,436,360,147,37,6,0
190,2020,El Salvador,286637,270100,260106,282248,318172,309643,267986,235013,217161,196652,177724,151061,119710,95222,72440,52744,33511,17062,5880,1075,98,299964,283062,273466,294996,324294,302756,247601,208187,185791,152992,123862,108063,90204,74591,58732,41542,24656,11598,3589,572,47
191,2020,Sint Maarten,1331,1299,1303,1236,1611,1623,1290,883,1115,1655,2165,2270,1767,1315,765,367,168,67,24,7,0,1421,1402,1420,1366,1601,1557,1256,892,1112,1594,2023,2047,1607,1177,733,330,141,42,7,2,0
192,2020,Syria,1120763,1064554,982215,927624,951919,784455,760897,728985,561116,451369,392793,315200,219012,161969,130314,94392,46834,19711,5326,791,59,1183728,1114066,1022178,958486,914403,762393,745891,702379,535752,431386,380465,305058,211175,151007,120175,78299,36902,14393,3517,475,34
193,2020,Eswatini,62276,62438,60681,56293,52478,59513,56092,44014,31994,22995,18910,15274,12419,10063,7635,4885,2648,1008,230,27,1,63256,62673,59371,52448,45829,51691,48417,38547,28951,20036,15153,11508,9045,6476,4551,2837,1392,482,93,8,0
194,2020,Turks and Caicos Islands,1980,2033,1846,1756,1926,2243,2432,2919,2894,2441,1711,1294,794,517,345,293,213,116,65,19,4,2063,2115,1905,1788,1893,2099,2245,2913,2995,2608,1883,1426,898,607,303,248,131,91,33,9,1
195,2020,Chad,1513652,1309821,1130330,935040,725468,599250,570451,415175,308476,263031,215035,172122,134353,99683,67709,39140,18460,6440,1459,186,12,1554081,1340301,1155665,950103,726038,590188,550220,406012,286618,215529,159615,132428,107207,77334,51243,29173,13372,4451,958,117,8
196,2020,Togo,589727,530612,465245,396323,337858,322889,306923,251168,209487,166997,134110,109713,89620,71169,53891,36450,20031,8359,2215,307,20,606872,545524,474858,398991,332547,313575,289062,233148,194826,155674,122318,95454,74126,55953,39470,24323,11672,4050,861,94,5
197,2020,Thailand,1774558,1866608,1966523,2056898,2279042,2463774,2313296,2605672,2766994,2801964,2836929,2629691,2270278,1698582,1215938,857287,610663,325674,111539,19514,1749,1866616,1961174,2061804,2139845,2333807,2478180,2277279,2530594,2695833,2613920,2597925,2362229,2011588,1469748,1022113,679288,439782,206242,61265,8878,643
198,2020,Tajikistan,459203,460156,438689,399938,391774,395808,402238,327226,262094,228014,196148,174671,126797,84250,42362,28596,23107,10229,2339,226,7,476873,476932,454201,412985,403686,405080,407373,327985,258968,218365,173727,150265,105581,64764,31850,21170,12461,3703,529,26,0
199,2020,Timor-Leste,99386,89588,78812,74258,64192,55151,46802,39127,25038,27468,25369,21696,15711,11299,8997,5412,2503,838,210,19,0,105219,94790,83322,77460,65246,52746,41508,33464,24129,28064,22612,19595,15524,11993,7511,4963,2214,584,116,11,1
200,2020,Turkmenistan,237268,228325,217224,215201,234930,266270,259694,216591,182890,160765,140195,140526,114209,76417,43539,20964,20784,8008,2859,421,32,244493,234147,221875,218771,237330,267917,259759,215311,179739,158180,138047,125262,100366,63813,34981,16412,13533,4368,1164,99,5
201,2020,Tunisia,484885,517726,428815,373976,371878,448563,483309,481172,432687,373933,357386,325123,274600,209561,137896,94542,62405,31361,8136,1271,89,514399,553778,458964,391747,374658,429071,456501,453301,412940,360603,334699,315460,273321,204099,124169,80754,51170,23861,5817,779,53
202,2020,Tonga,5393,5530,5685,5344,4809,4066,3522,3155,2585,2564,2912,1793,1435,1312,1067,752,553,264,84,15,2,5542,5682,5915,5636,5012,4107,3408,2952,2534,2648,3080,1899,1473,1169,865,617,397,175,49,6,2
203,2020,Turkey,2967001,3129106,3233410,3196264,3076900,3018457,3107602,3307883,3027956,2715210,2361115,2119705,1725093,1379784,982794,666079,446474,224962,75948,10473,723,3105755,3278083,3392433,3355709,3214253,3123182,3207127,3416220,3095831,2764257,2411780,2101727,1684801,1288388,865178,503486,272885,123329,28619,3080,150
204,2020,Trinidad and Tobago,36333,38820,37436,34281,31936,35753,48061,53697,43373,36297,38816,46845,38866,29657,22173,15286,9674,4921,1962,462,65,37285,40074,39104,36544,35216,38985,52245,58885,47951,40427,41010,47527,38185,27277,18985,11115,5808,2146,592,94,8
205,2020,Tuvalu,601,539,475,456,506,515,433,341,314,198,263,348,269,226,121,65,45,18,3,2,0,630,564,501,488,548,578,555,392,223,164,246,250,178,138,73,49,24,9,2,0,0
206,2020,Taiwan,462081,496241,471628,587239,739497,787567,802433,960170,989254,885413,914686,925056,852816,733345,458090,344132,265835,156610,65956,14408,1349,490085,528041,501990,624222,778793,825730,817646,963739,984407,864351,891279,888868,797057,663991,397619,273205,188585,110288,49860,8813,661
207,2020,Tanzania,4756102,4228573,3678928,3177184,2703956,2290221,1955133,1673106,1440227,1156747,841740,664429,563361,445409,311474,195247,106293,42028,9811,1230,84,4867164,4315110,3746265,3227009,2730195,2297490,1951189,1657422,1422062,1137150,851852,633330,453932,323557,236185,154479,79813,29590,6673,812,50
208,2020,Ukraine,1078687,1197791,1155297,956615,1030813,1350123,1759603,1810476,1668591,1615835,1514250,1710387,1758272,1525436,1218517,800438,901918,303801,160653,32965,4219,1147267,1275900,1227428,1008952,1078188,1408110,1806755,1819908,1611302,1493480,1314925,1362186,1269489,971111,669841,350586,353939,112066,58384,8372,786
209,2020,Uganda,4077913,3318437,2907031,2483393,2038304,1742044,1432008,1054679,803771,631161,483643,389335,291717,208889,167059,114817,64907,25259,7011,1043,67,4183157,3415342,2948887,2422855,1813377,1425780,1166266,892060,691541,574061,452859,340970,238142,162645,121861,84138,48877,18925,4989,684,40
210,2020,United States,9992880,9875278,10166213,10305932,10700531,11482838,11330329,10931596,10261555,10157342,10400905,11172941,10918867,9538282,7922281,5550601,3743461,2414409,1332680,464796,70909,10445659,10325131,10603765,10732423,11198945,12029149,11649087,10990413,10168231,9947289,10109501,10598811,10091925,8491889,6836985,4502437,2764750,1528872,684284,183775,21155
211,2020,Uruguay,105744,106920,111235,121192,131655,126917,119818,110460,115696,108413,98348,99203,94597,80488,69098,57125,43990,29420,14045,3925,619,109420,110789,115316,124943,134863,129976,122550,109704,111721,104170,92438,90699,81916,66659,51638,38467,24894,13881,5183,1097,129
212,2020,Uzbekistan,1177717,1142676,1123587,1173028,1307127,1530494,1482530,1251148,1032211,911001,797065,773266,625860,415052,233232,126301,145942,68881,31998,6895,757,1238121,1200607,1180554,1236506,1366041,1544282,1512107,1257777,1027073,884470,738588,702275,550292,342897,179829,99385,98483,40833,16419,2264,183
213,2020,Saint Vincent and the Grenadines,3177,3345,3537,3702,3734,3692,3544,3543,3523,3290,3203,3066,2673,2051,1332,1011,720,403,163,35,4,3248,3404,3584,3759,3811,3820,3744,3809,3809,3639,3581,3346,2823,2113,1330,892,538,244,78,12,2
214,2020,Venezuela,1212694,1202765,1171485,1137153,1131882,1161749,1150236,1083050,939467,847739,765305,704569,600065,483518,333103,208423,138164,71328,27631,4536,385,1262797,1260016,1230702,1185292,1154975,1165237,1139641,1065917,935805,835251,736323,655239,547821,430165,287666,169896,104352,49167,17817,2627,200
215,2020,"Virgin Islands, British",1035,1059,1001,1105,1310,1618,1705,1659,1595,1487,1477,1350,1072,772,534,333,193,88,42,9,1,1057,1027,937,1017,1199,1434,1541,1474,1393,1261,1282,1266,1003,726,529,310,154,63,23,4,1
216,2020,"Virgin Islands, U.S.",3244,3439,3631,2905,2727,3193,3364,3674,2961,3577,3802,4077,3803,3575,3163,2240,1319,678,218,60,7,3422,3621,3770,2847,2479,2687,2836,3269,2618,3100,3580,3700,3486,2899,2717,1980,1050,424,126,20,2
217,2020,Vietnam,3925124,3887601,3740857,3705342,3687197,4235855,4323046,4181305,3582004,3264096,2938444,2778949,2286283,1557871,983906,667881,521331,315366,136815,35949,5397,4414283,4370504,4122042,3907707,3877653,4442937,4535805,4302820,3661126,3251080,2824203,2553187,1930137,1231622,700063,404801,272356,130747,43657,7093,677
218,2020,Vanuatu,16187,16460,16294,15626,14355,12863,10632,9503,8454,7370,6298,5137,3785,2730,1860,1132,563,209,51,8,0,16939,17209,16916,15631,13952,12247,10406,9167,7914,6857,5978,4957,3735,2734,1870,1133,549,192,44,6,0
219,2020,Wallis and Futuna,504,529,524,562,529,620,610,552,584,519,488,431,389,304,226,138,96,48,24,7,1,537,575,588,629,610,678,691,692,533,518,424,372,374,316,264,170,93,39,16,4,1
220,2020,Samoa,9453,9293,10058,10111,9325,8822,7588,5740,5704,5034,4315,4189,3336,2326,1763,1393,926,451,202,34,3,9945,9935,10828,10808,9711,8864,7490,5916,6166,5553,5042,4365,3434,2210,1427,986,597,227,79,12,1
221,2020,Gaza Strip,132571,132234,131587,112367,93014,82119,63817,47516,40257,30594,24984,19590,14172,9557,6394,3915,2495,1334,417,79,7,140184,139775,138097,116222,94028,80865,61546,44730,37319,27908,23645,20548,15883,11425,7738,4214,2405,1129,300,46,4
222,2020,Kosovo,70174,73700,76665,78797,77705,72529,82353,69556,58837,52229,50444,45676,36606,29217,22699,16822,11493,5613,1643,248,20,75463,79336,82739,84760,84674,81210,92196,78982,65189,58304,55645,48907,37072,25801,16823,11437,7082,2963,748,86,6
223,2020,West Bank,172610,166098,158411,150668,143215,129093,104996,81475,72805,62855,52469,42226,30370,19584,14877,10943,6905,3586,1145,204,18,181964,174924,166550,157840,148890,132933,107116,82746,74423,64917,55444,45162,32062,20133,13515,8222,4503,2016,550,86,7
224,2020,Yemen,1823408,1845201,1815410,1674339,1476264,1282927,1129598,922248,731671,501287,381286,362561,303657,207285,137826,83600,43742,18339,5297,886,73,1892450,1908385,1871932,1722914,1516032,1317302,1151728,1029810,831275,509956,347253,308357,248748,175392,117194,66830,32287,12448,3280,448,30
225,2020,South Africa,2646988,2650124,2571845,2383839,2420539,2593651,2683291,2212728,1702083,1402558,1230901,1096296,960693,765752,558300,361454,205832,78237,19878,2576,176,2674508,2652216,2553538,2358499,2322141,2508199,2768383,2379292,1840202,1450152,1153238,973227,809670,605283,408068,251040,126973,42627,8922,989,55
226,2020,Zambia,1485137,1323282,1210401,1020612,843117,703474,587478,503893,423446,312338,237836,189591,151590,96979,76882,48439,28398,10692,2506,314,19,1516956,1345802,1226659,1028631,842392,699915,584792,504902,433166,323728,234985,173563,130732,88898,62709,38951,21018,7387,1586,180,9
227,2020,Zimbabwe,1077617,910950,825801,793183,702261,638576,557831,467587,296325,211020,163637,186186,177638,137263,95893,70912,55920,28598,6855,894,63,1086261,883479,789321,771864,664851,638815,596618,525139,343268,222666,129891,114153,113355,91811,63890,48701,36691,16478,3475,386,23
